label,peak_h_plus,phase_span
GR,6.389439889861437e-21,0.0006877163032400575
KK_low,6.3894418857890814e-21,0.0006877159874798253
KK_low_L5_20,6.3894418857890814e-21,0.0006877159874798253
KK_mid,6.3894528007675305e-21,0.0006877141636207832
KK_mid_L5_25,6.3894528007675305e-21,0.0006877141636207832
KK_high,6.389473826037485e-21,0.0006877103727869203
KK_strong,6.389468478343966e-21,0.0006877108759703565
